{
  "model": "Qwen/Qwen2.5-14B-Instruct",
  "task": "GPQA_Diamond",
  "approach": "MultiGenerator_Cumulative",
  "generator_model": "Qwen/Qwen2.5-7B-Instruct",
  "curator_model": "Qwen/Qwen2.5-14B-Instruct",
  "total_questions": 198,
  "accuracy": 0.2878787878787879,
  "correct": 57,
  "token_growth": {
    "initial": 1,
    "final": 423,
    "max": 423,
    "mean": 135.32323232323233,
    "over_2k_tokens": 0,
    "over_4k_tokens": 0,
    "trajectory": [
      1,
      1,
      1,
      1,
      1,
      1,
      1,
      1,
      1,
      1,
      1,
      1,
      1,
      1,
      1,
      1,
      1,
      1,
      1,
      1,
      1,
      1,
      1,
      1,
      1,
      1,
      1,
      1,
      1,
      1,
      1,
      1,
      1,
      1,
      1,
      1,
      1,
      1,
      1,
      1,
      1,
      1,
      1,
      1,
      1,
      1,
      1,
      1,
      1,
      1,
      1,
      1,
      1,
      1,
      1,
      1,
      1,
      1,
      1,
      1,
      1,
      1,
      1,
      1,
      1,
      1,
      1,
      1,
      1,
      1,
      1,
      1,
      1,
      1,
      1,
      1,
      1,
      1,
      1,
      1,
      1,
      1,
      1,
      1,
      1,
      1,
      1,
      1,
      1,
      1,
      1,
      1,
      1,
      1,
      1,
      1,
      1,
      1,
      1,
      1,
      1,
      1,
      1,
      1,
      1,
      1,
      1,
      1,
      1,
      1,
      1,
      1,
      1,
      1,
      1,
      1,
      1,
      1,
      1,
      1,
      1,
      1,
      1,
      1,
      1,
      1,
      1,
      1,
      377,
      377,
      377,
      377,
      377,
      377,
      377,
      377,
      377,
      377,
      377,
      377,
      377,
      377,
      377,
      377,
      377,
      377,
      377,
      377,
      377,
      377,
      377,
      377,
      377,
      377,
      377,
      377,
      377,
      377,
      377,
      377,
      377,
      377,
      377,
      377,
      377,
      377,
      377,
      377,
      377,
      377,
      377,
      377,
      377,
      377,
      377,
      377,
      377,
      377,
      377,
      377,
      377,
      377,
      377,
      377,
      377,
      377,
      377,
      377,
      377,
      377,
      377,
      377,
      423,
      423,
      423,
      423,
      423,
      423
    ]
  },
  "memory_items": {
    "count_trajectory": [
      0,
      0,
      0,
      0,
      0,
      0,
      0,
      0,
      0,
      0,
      0,
      0,
      0,
      0,
      0,
      0,
      0,
      0,
      0,
      0,
      0,
      0,
      0,
      0,
      0,
      0,
      0,
      0,
      0,
      0,
      0,
      0,
      0,
      0,
      0,
      0,
      0,
      0,
      0,
      0,
      0,
      0,
      0,
      0,
      0,
      0,
      0,
      0,
      0,
      0,
      0,
      0,
      0,
      0,
      0,
      0,
      0,
      0,
      0,
      0,
      0,
      0,
      0,
      0,
      0,
      0,
      0,
      0,
      0,
      0,
      0,
      0,
      0,
      0,
      0,
      0,
      0,
      0,
      0,
      0,
      0,
      0,
      0,
      0,
      0,
      0,
      0,
      0,
      0,
      0,
      0,
      0,
      0,
      0,
      0,
      0,
      0,
      0,
      0,
      0,
      0,
      0,
      0,
      0,
      0,
      0,
      0,
      0,
      0,
      0,
      0,
      0,
      0,
      0,
      0,
      0,
      0,
      0,
      0,
      0,
      0,
      0,
      0,
      0,
      0,
      0,
      0,
      0,
      1,
      1,
      1,
      1,
      1,
      1,
      1,
      1,
      1,
      1,
      1,
      1,
      1,
      1,
      1,
      1,
      1,
      1,
      1,
      1,
      1,
      1,
      1,
      1,
      1,
      1,
      1,
      1,
      1,
      1,
      1,
      1,
      1,
      1,
      1,
      1,
      1,
      1,
      1,
      1,
      1,
      1,
      1,
      1,
      1,
      1,
      1,
      1,
      1,
      1,
      1,
      1,
      1,
      1,
      1,
      1,
      1,
      1,
      1,
      1,
      1,
      1,
      1,
      1,
      8,
      8,
      8,
      8,
      8,
      8
    ],
    "final_count": 8,
    "unique_items_ever_created": 16,
    "long_lived_items": 16,
    "ephemeral_items": 0,
    "top_reused_items": [
      {
        "description": "[The major product of the reaction between 5-fluorocyclopenta-1,3-diene and maleic anhydride is (A) (3aR,4R,7S,7aS,8r)-8",
        "versions_present": 64
      },
      {
        "description": "[The number of possible products when racemic 3-methylpent-1-ene is treated with Grubbs catalyst, excluding ethene, is 6",
        "versions_present": 64
      },
      {
        "description": "[The number of stars that would be detectable using the ESPRESSO spectrograph is 2, corresponding to options (C) and (D)",
        "versions_present": 64
      },
      {
        "description": "[The possible product when (1S,4R)-2-vinyl-2-azabicyclo[2.2.1]hept-5-ene undergoes Cope rearrangement is (B) 4,6,7,7a-te",
        "versions_present": 64
      },
      {
        "description": "[The correct sequence of reagents and the resulting product B is (B) (i) LDA, (ii) CH3CH2I, (iii) H3O+ = pentan-2-one + ",
        "versions_present": 64
      },
      {
        "description": "[The interplanar distance of the (111) plane in the rhombohedral crystal is approximately 8.95 Angstrom.]",
        "versions_present": 64
      },
      {
        "description": "[The minimum volume of the monobasic strong acid required is 32.14 cm3, and the pH of the resulting solution is approxim",
        "versions_present": 64
      },
      {
        "description": "[The total number of hydrogen atoms in the two liquids of mixture X is 14, but since the options do not include 14, the ",
        "versions_present": 64
      },
      {
        "description": "[The correct momentum of the absorbed photon is (B) p = 1.1*10^(-27) N*s.]",
        "versions_present": 6
      },
      {
        "description": "[The correct structural suggestion for the unidentified drug using the spectral information is (C) Phenyl chloroformate.",
        "versions_present": 6
      }
    ]
  },
  "reuse_analysis": {
    "questions_with_cheatsheet": 70,
    "generator_ignored_cheatsheet": 1,
    "ignore_rate": 0.014285714285714285
  },
  "cheatsheet_effectiveness": {
    "acc_before_cheatsheet_exists": 0.25,
    "acc_after_cheatsheet_exists": 0.357,
    "delta": 0.107,
    "first_nonempty_question": 128
  },
  "structural_quality": {
    "issues": [
      "no_usage_counters"
    ],
    "final_word_count": 326,
    "final_token_count": 423
  },
  "abstraction_mismatch": {
    "detected": true,
    "generator_size": 7.0,
    "curator_size": 14.0,
    "note": "Curator is significantly larger than generator; cheatsheet may contain abstractions the generator cannot execute."
  },
  "failure_patterns": {
    "overly_specific_tricks": 0,
    "contradictions": 0,
    "shallow_summaries": 0,
    "stale_no_updates": 68
  },
  "audit_dir": "results_multi_agent/cheatsheet_audit/Qwen2.5-14B-Instruct_MultiGenerator_Cumulative_GPQA_Diamond_20260311-171549"
}